Province/State,Country,Target/Date,N,low95N,high95N,R,low95R,high95R,D,low95D,high95D,T,low95T,high95T,M,low95M,high95M,C,low95C,high95C
,Afghanistan,2020-05-14,5717,5484,5950,685,607,762,148,134,162,,,,0.025974732109897317,0.02255262794821532,0.02968751560788735,285,274,297
,Albania,2020-05-14,928,867,990,728,674,782,38,31,38,,,,0.040918650288532935,0.03131193778657996,0.04431419070012531,46,43,49
,Algeria,2020-05-14,6195,5969,6421,2818,2556,3081,528,476,607,,,,0.08522755193557474,0.07412240040167425,0.10172165061008086,309,298,321
,Andorra,2020-05-14,757,751,862,629,572,687,53,47,58,,,,0.07000199130812404,0.05509367164185544,0.0778509699037333,37,37,43
,Angola,2020-05-14,40,36,44,12,11,16,3,2,4,,,,0.07420675097588873,0.04497224072568649,0.10994055185104037,2,1,2
,Antigua and Barbuda,2020-05-14,28,25,34,20,16,28,4,3,5,,,,0.14229249011857714,0.08762721774659661,0.2,1,1,1
,Argentina,2020-05-14,6415,6154,6676,1803,1606,2000,346,334,358,,,,0.05399276975461177,0.050087102150273684,0.058230048278986535,320,307,333
,Armenia,2020-05-14,3783,3568,3998,1399,1226,1572,49,47,51,,,,0.012994361331919974,0.011763344869028414,0.014373584747894774,189,178,199
Australian Capital Territory,Australia,2020-05-14,112,107,148,110,103,134,4,3,5,,,,0.03563530553710255,0.020203233146823957,0.04672897196261682,5,5,7
New South Wales,Australia,2020-05-14,3122,3044,3594,2640,2463,3392,48,44,54,,,,0.015622473564746607,0.01223954462025186,0.017939715439768713,156,152,179
Northern Territory,Australia,2020-05-14,31,29,39,33,27,46,0,0,0,,,,0.0,0.0,0.0,1,1,1
Queensland,Australia,2020-05-14,1069,1045,1230,1081,989,1318,7,6,8,,,,0.0065472384007707355,0.004874459299078781,0.007655502392344498,53,52,61
South Australia,Australia,2020-05-14,445,438,526,463,432,538,5,4,6,,,,0.011235955056179775,0.007596454293571748,0.0136986301369863,22,21,26
Tasmania,Australia,2020-05-14,250,226,285,187,167,227,15,13,17,,,,0.06112628719716766,0.045605240183514466,0.07866299958785426,12,11,14
Victoria,Australia,2020-05-14,1608,1454,1789,1366,1322,1569,19,18,23,,,,0.012387509426764741,0.010061450041913902,0.016352751895674505,80,72,89
Western Australia,Australia,2020-05-14,551,551,648,588,528,684,9,9,11,,,,0.017873269138583097,0.013876546043178837,0.02135500397695927,27,27,32
,Austria,2020-05-14,15859,15684,17846,13779,13639,15557,640,608,706,,,,0.04038977868736699,0.03406744091199828,0.04504174818914528,792,784,892
,Azerbaijan,2020-05-14,2611,2413,2808,1792,1602,1982,31,28,34,,,,0.012032620539023476,0.009968221657806723,0.01447868235170192,130,120,140
,Bahamas,2020-05-14,104,93,115,30,26,37,12,11,16,,,,0.12441357813382063,0.09522370554083819,0.1755870577780115,5,4,5
,Bahrain,2020-05-14,4882,4386,5378,2344,2149,2539,8,8,10,,,,0.0018353061814380457,0.001487305157901625,0.002449871053216899,244,219,268
,Bangladesh,2020-05-14,18352,17619,19084,1410,1403,2806,204,186,236,,,,0.011163480877768523,0.009745937466241356,0.013409323282498959,917,880,954
,Barbados,2020-05-14,89,82,92,57,48,65,8,7,10,,,,0.09387456357072428,0.07547071093771728,0.12687250323522534,4,4,4
,Belarus,2020-05-14,25429,23860,26998,7718,6919,8518,132,124,141,,,,0.005222250854572494,0.004599196230685548,0.005927265243262553,1271,1193,1349
,Belgium,2020-05-14,50788,50781,53532,13980,13144,14817,9957,8967,10947,,,,0.1960549977341624,0.16751116345627487,0.21557611241295685,2539,2539,2676
,Benin,2020-05-14,109,96,133,56,50,64,3,2,4,,,,0.027513037223520956,0.014934357753531555,0.041666666666666664,5,4,6
,Bhutan,2020-05-14,7,7,9,6,5,7,0,0,0,,,,0.0,0.0,0.0,0,0,0
,Bolivia,2020-05-14,2901,2685,3118,308,282,334,128,114,143,,,,0.04440831061480443,0.03676594257400621,0.053282239482965225,145,134,155
,Bosnia and Herzegovina,2020-05-14,2215,2058,2373,1234,1168,1301,98,90,107,,,,0.04464648434268305,0.038273162421398374,0.051996122732716796,110,102,118
,Brazil,2020-05-14,195456,187017,203895,70384,60336,80431,12422,11677,13166,,,,0.06355544589015133,0.05727430652538875,0.07040347903368269,9772,9350,10194
,Brunei,2020-05-14,143,139,167,136,131,171,2,1,3,,,,0.013916971087949499,0.005966142886419406,0.02158273381294964,7,6,8
,Bulgaria,2020-05-14,2098,1935,2261,434,370,497,101,91,112,,,,0.048491605621634674,0.040438987118542866,0.057899763948197513,104,96,113
,Burkina Faso,2020-05-14,961,847,1074,630,555,716,54,49,59,,,,0.056967095900312716,0.046444860129696314,0.0703018135190667,48,42,53
,Cabo Verde,2020-05-14,219,191,261,45,38,76,3,2,4,,,,0.013680023285146017,0.007646408195786368,0.020942408376963352,10,9,13
,Cambodia,2020-05-14,125,122,154,127,120,133,0,0,0,,,,0.0,0.0,0.0,6,6,7
,Cameroon,2020-05-14,2595,2265,2939,1158,1000,1442,125,108,163,,,,0.048489452422892466,0.036744032929694116,0.07234379481231923,129,113,146
Alberta,Canada,2020-05-14,6221,5963,6966,,,,128,112,144,,,,0.020690677487901876,0.016217090188930503,0.024230430478437242,311,298,348
British Columbia,Canada,2020-05-14,2428,2255,2629,,,,141,127,155,,,,0.05817583012497848,0.048410011586834306,0.06885352151610356,121,112,131
Grand Princess,Canada,2020-05-14,14,13,19,,,,0,0,0,,,,0.0,0.0,0.0,0,0,0
Manitoba,Canada,2020-05-14,295,286,375,,,,8,7,9,,,,0.027557360796777338,0.018645355901617974,0.03309861832310612,14,14,18
New Brunswick,Canada,2020-05-14,123,120,158,,,,0,0,0,,,,0.0,0.0,0.0,6,6,7
Newfoundland and Labrador,Canada,2020-05-14,274,259,339,,,,4,3,5,,,,0.01459739213068912,0.008848344611090346,0.019305019305019305,13,12,16
Nova Scotia,Canada,2020-05-14,1081,998,1175,,,,50,41,59,,,,0.04684335902641169,0.03564910267680673,0.059537910142717594,54,49,58
Ontario,Canada,2020-05-14,23130,21802,24459,,,,2088,1991,2185,,,,0.09030628265849514,0.08143834752299745,0.10025495117399197,1156,1090,1222
Prince Edward Island,Canada,2020-05-14,34,27,35,,,,0,0,0,,,,0.0,0.0,0.0,1,1,1
Quebec,Canada,2020-05-14,42867,41364,44370,,,,3313,3111,3515,,,,0.07730643069654489,0.07013639069352093,0.08499760121012584,2143,2068,2218
Saskatchewan,Canada,2020-05-14,712,652,771,,,,8,7,9,,,,0.011234767281425313,0.009075802058000314,0.013785310698527646,35,32,38
,Central African Republic,2020-05-14,139,111,166,12,10,18,0,0,0,,,,0.0,0.0,0.0,6,5,8
,Chad,2020-05-14,412,362,461,54,43,69,30,27,33,,,,0.07440807748203367,0.059328303945025994,0.09362357790963464,20,18,23
,Chile,2020-05-14,34783,32847,36720,14364,13656,15073,363,351,374,,,,0.010436777906277611,0.009560968902347058,0.011415849238561405,1739,1642,1836
Anhui,China,2020-05-14,1005,991,1123,992,985,1108,7,6,8,,,,0.0069613334303094,0.00533924312746177,0.008072653884964682,50,49,56
Beijing,China,2020-05-14,604,593,659,571,557,612,9,9,11,,,,0.01578468441802099,0.013648404464576675,0.01939751724609565,30,29,32
Chongqing,China,2020-05-14,585,579,657,575,573,633,7,6,8,,,,0.011952261924484328,0.009127796538638912,0.013816925734024179,29,28,32
Fujian,China,2020-05-14,358,356,390,355,354,392,2,1,3,,,,0.005573296376292345,0.002559810594792625,0.008426966292134831,17,17,19
Gansu,China,2020-05-14,143,139,166,142,137,161,3,2,4,,,,0.020875360284632605,0.011979460937207314,0.02877697841726619,7,6,8
Guangdong,China,2020-05-14,1623,1589,1772,1579,1575,1682,15,8,8,,,,0.00924173965438826,0.004513864837199044,0.00552789151686627,81,79,88
Guangxi,China,2020-05-14,256,254,277,253,252,278,3,2,4,,,,0.011699531876061686,0.007208317807759256,0.015748031496062992,12,12,13
Guizhou,China,2020-05-14,149,147,175,152,145,171,3,2,4,,,,0.02000190565235143,0.011406521282609168,0.027210884353741496,7,7,8
Hainan,China,2020-05-14,171,168,197,169,162,186,7,6,8,,,,0.04078213659791306,0.030378197897996208,0.047619047619047616,8,8,9
Hebei,China,2020-05-14,335,328,362,328,320,357,7,6,8,,,,0.020895522388059702,0.01653038339784797,0.024390243902439025,16,16,18
Heilongjiang,China,2020-05-14,951,944,1073,1055,939,1170,20,13,16,,,,0.02103049421661409,0.01211056423152528,0.01745869151949662,47,47,53
Henan,China,2020-05-14,1287,1276,1433,1261,1254,1442,29,22,25,,,,0.022526256605250934,0.015344309193858232,0.020157342023231887,64,63,71
Hong Kong,China,2020-05-14,1047,1040,1158,1048,966,1130,5,4,6,,,,0.004775549188156638,0.0034529912812086105,0.0057692307692307696,52,52,57
Hubei,China,2020-05-14,69921,68128,82920,63624,63616,68535,4817,4512,5501,,,,0.06889181680599954,0.05441337492120737,0.08074652213280856,3496,3406,4146
Hunan,China,2020-05-14,1030,1019,1105,1024,1015,1110,5,4,6,,,,0.004852706632745457,0.0036166614796248353,0.005888125613346418,51,50,55
Inner Mongolia,China,2020-05-14,214,201,244,198,175,222,2,1,3,,,,0.009343393282373802,0.0040896432702460135,0.014925373134328358,10,10,12
Jiangsu,China,2020-05-14,662,653,715,653,651,717,0,0,0,,,,0.0,0.0,0.0,33,32,35
Jiangxi,China,2020-05-14,949,937,1071,943,936,1055,2,1,3,,,,0.0021069409781170425,0.0009332170216481218,0.0032017075773745998,47,46,53
Jilin,China,2020-05-14,119,112,128,104,103,117,2,1,3,,,,0.01680672268907563,0.007778612223280547,0.026785714285714284,5,5,6
Liaoning,China,2020-05-14,147,146,165,145,144,160,3,2,4,,,,0.020303542443089326,0.012105666962999176,0.0273972602739726,7,7,8
Macau,China,2020-05-14,52,45,52,46,41,51,0,0,0,,,,0.0,0.0,0.0,2,2,2
Ningxia,China,2020-05-14,82,75,89,82,75,81,0,0,0,,,,0.0,0.0,0.0,4,3,4
Qinghai,China,2020-05-14,18,18,23,18,18,24,0,0,0,,,,0.0,0.0,0.0,0,0,1
Shaanxi,China,2020-05-14,311,308,343,276,266,312,4,3,5,,,,0.012851706101047586,0.008727762709829829,0.016233766233766232,15,15,17
Shandong,China,2020-05-14,806,788,940,780,775,871,14,7,7,,,,0.017360533052469634,0.007444481375106529,0.009799895112663623,40,39,47
Shanghai,China,2020-05-14,679,657,744,623,620,694,7,7,8,,,,0.010941342731448069,0.009404571878868808,0.013198338444118413,33,32,37
Shanxi,China,2020-05-14,208,198,235,228,209,247,0,0,0,,,,0.0,0.0,0.0,10,9,11
Sichuan,China,2020-05-14,565,561,610,558,558,604,4,3,5,,,,0.007074373144443882,0.004913450129097818,0.008912655971479501,28,28,30
Tianjin,China,2020-05-14,198,190,221,186,186,210,4,3,5,,,,0.020185967003634626,0.013538598580796653,0.02631578947368421,9,9,11
Tibet,China,2020-05-14,2,1,3,2,1,3,0,0,0,,,,0.0,0.0,0.0,0,0,0
Xinjiang,China,2020-05-14,83,76,83,80,73,79,4,3,5,,,,0.04819277108433735,0.03589306397664715,0.06578947368421052,4,3,4
Yunnan,China,2020-05-14,186,185,212,188,181,212,3,2,4,,,,0.01609615276313346,0.009396025928319937,0.021621621621621623,9,9,10
Zhejiang,China,2020-05-14,1275,1268,1506,1267,1267,1376,2,1,3,,,,0.001568627450980392,0.0006635933440256296,0.002365930599369085,63,63,75
,Colombia,2020-05-14,12163,11554,12772,2960,2818,3102,531,499,563,,,,0.04370676180963555,0.03911240535044989,0.04878523174581697,608,577,638
,Congo (Brazzaville),2020-05-14,304,264,360,33,30,36,11,10,14,,,,0.03826015297392294,0.02770735128523953,0.05677476639180035,15,13,18
,Congo (Kinshasa),2020-05-14,1137,1051,1223,107,92,126,40,35,45,,,,0.035176736832504586,0.02861530978049807,0.04285070881387521,56,52,61
,Costa Rica,2020-05-14,820,761,894,534,468,600,7,6,8,,,,0.008531528804767362,0.00670687803828825,0.010512483574244415,41,38,44
,Cote d'Ivoire,2020-05-14,1823,1687,1959,904,788,1020,21,18,25,,,,0.01158751835947882,0.00918551448879429,0.0151298128071863,91,84,97
,Croatia,2020-05-14,2181,2119,2401,1679,1601,1865,97,86,108,,,,0.044579681185861496,0.035911615484589994,0.0511078529190109,109,105,120
,Diamond Princess,2020-05-14,737,712,920,705,645,936,14,13,15,,,,0.0190259262093565,0.014119706649506725,0.02247017445842954,36,35,46
,Cuba,2020-05-14,1867,1707,2027,1475,1405,1545,72,69,81,,,,0.03892019944396214,0.034038795585571886,0.04792785285040685,93,85,101
,Cyprus,2020-05-14,933,883,1031,443,297,589,16,15,21,,,,0.018138779282781823,0.01454097662306799,0.024226356519593484,46,44,51
,Czechia,2020-05-14,8467,7974,9310,5656,5206,6105,302,277,328,,,,0.03573141702377402,0.029764353280007764,0.04113485019832269,423,398,465
Faroe Islands,Denmark,2020-05-14,194,187,238,192,185,205,0,0,0,,,,0.0,0.0,0.0,9,9,11
Greenland,Denmark,2020-05-14,18,11,12,12,11,18,0,0,0,,,,0.0,0.0,0.0,0,0,0
,Denmark,2020-05-14,10805,9938,11863,8518,7493,9715,555,513,597,,,,0.05142415085137041,0.04329103432621911,0.060142536083768426,540,496,593
,Djibouti,2020-05-14,1154,1124,1539,905,755,1126,4,3,5,,,,0.0034636901292226137,0.00194865830349911,0.004448398576512456,57,56,76
,Dominican Republic,2020-05-14,11070,10739,11402,3024,2825,3224,412,380,444,,,,0.03726461150815982,0.033398065091033935,0.04136984162466701,553,536,570
,Ecuador,2020-05-14,35261,31881,42826,3613,3433,4673,2189,1873,2505,,,,0.062086156890333824,0.04373662119286931,0.07858723518552521,1763,1594,2141
,Egypt,2020-05-14,10438,10112,10763,2313,2193,2434,601,581,621,,,,0.057599391131361095,0.05397900113843242,0.06145291223707812,521,505,538
,El Salvador,2020-05-14,1111,1037,1186,363,317,409,22,17,27,,,,0.020384517651490037,0.015146219681047818,0.026377864556086563,55,51,59
,Equatorial Guinea,2020-05-14,615,478,752,15,13,17,5,4,6,,,,0.008127646605851333,0.005317985179565213,0.012546949322939331,30,23,37
,Eritrea,2020-05-14,41,39,51,41,34,48,0,0,0,,,,0.0,0.0,0.0,2,1,2
,Estonia,2020-05-14,1835,1713,2065,291,264,329,64,56,71,,,,0.03496427902080917,0.027329544887946634,0.04196772655732743,91,85,103
,Eswatini,2020-05-14,129,123,173,13,12,15,3,2,4,,,,0.023170933096879856,0.011559141943058552,0.032520325203252036,6,6,8
,Ethiopia,2020-05-14,358,287,429,143,126,160,5,4,6,,,,0.013950159295918,0.009320504017685503,0.02085677172101688,17,14,21
,Fiji,2020-05-14,20,18,25,18,14,25,0,0,0,,,,0.0,0.0,0.0,1,0,1
,Finland,2020-05-14,6387,6068,6706,3791,3500,4707,290,252,337,,,,0.04541972672367786,0.03757527984684632,0.05568992408034049,319,303,335
French Guiana,France,2020-05-14,153,138,168,124,111,141,2,1,3,,,,0.013067044108074173,0.005920143805853383,0.021739130434782608,7,6,8
French Polynesia,France,2020-05-14,67,60,68,69,54,102,0,0,0,,,,0.0,0.0,0.0,3,3,3
Guadeloupe,France,2020-05-14,159,152,168,119,104,144,14,13,18,,,,0.09350104815003646,0.07728579004084596,0.12313339665758694,7,7,8
Mayotte,France,2020-05-14,1212,1123,1302,487,432,542,21,13,28,,,,0.01754986850284253,0.010592663855224706,0.0256143467560203,60,56,65
New Caledonia,France,2020-05-14,19,18,26,21,18,32,0,0,0,,,,0.0,0.0,0.0,0,0,1
Reunion,France,2020-05-14,428,425,533,348,300,510,0,0,0,,,,0.0,0.0,0.0,21,21,26
Saint Barthelemy,France,2020-05-14,7,6,8,7,6,8,0,0,0,,,,0.0,0.0,0.0,0,0,0
St Martin,France,2020-05-14,45,38,54,36,33,38,4,3,5,,,,0.08888888888888889,0.05525910977700546,0.13157894736842105,2,1,2
Martinique,France,2020-05-14,187,182,229,93,83,121,15,14,19,,,,0.08407139843781358,0.06091566251531096,0.10846494229807224,9,9,11
,France,2020-05-14,183702,172465,209987,56590,53426,59753,27217,25772,29824,,,,0.14816295197393617,0.12273130698933334,0.1729286426978588,9185,8623,10499
,Gabon,2020-05-14,549,505,593,100,93,186,7,6,8,,,,0.012736882532816705,0.01011329145700578,0.015813670516717972,27,25,29
,Gambia,2020-05-14,19,17,24,10,9,15,2,1,3,,,,0.10395010395010394,0.04086467807810688,0.17647058823529413,0,0,1
,Georgia,2020-05-14,667,610,735,372,339,405,10,9,12,,,,0.016116124017963324,0.012235054210165753,0.021303949097146835,33,30,36
,Germany,2020-05-14,178765,168162,192411,159107,151230,166984,7617,7275,8298,,,,0.04261285755840358,0.03780966431938795,0.049347027109005404,8938,8408,9620
,Ghana,2020-05-14,4296,4059,4532,333,294,411,20,18,25,,,,0.004792086049070764,0.003971197732069758,0.006181149303788205,214,202,226
,Greece,2020-05-14,2855,2663,3151,1852,1374,2496,156,147,174,,,,0.0546586931161993,0.0466511233271843,0.06554270904258068,142,133,157
,Guatemala,2020-05-14,1000,887,1114,101,86,119,23,21,27,,,,0.02372404261165855,0.018840053728334645,0.0312611281112201,50,44,55
,Guinea,2020-05-14,2502,2346,2657,917,845,989,18,11,27,,,,0.007265035942828805,0.004139578098317334,0.01190500334275113,125,117,132
,Guyana,2020-05-14,104,93,123,34,27,30,11,10,13,,,,0.10644208723383988,0.08075329940856321,0.14305048700571887,5,4,6
,Haiti,2020-05-14,116,104,128,13,10,19,14,12,17,,,,0.12457339708577177,0.09357529293444118,0.16861909451757207,5,5,6
,Holy See,2020-05-14,13,12,16,3,2,4,0,0,0,,,,0.0,0.0,0.0,0,0,0
,Honduras,2020-05-14,2935,2643,3227,173,132,221,115,102,129,,,,0.03942731468823052,0.03166030485242742,0.048912043214006475,146,132,161
,Hungary,2020-05-14,3426,3122,3730,912,799,1025,453,420,486,,,,0.13245000501321053,0.11280145034104819,0.15592335597527365,171,156,186
,Iceland,2020-05-14,1799,1799,2023,1841,1750,1975,11,10,12,,,,0.006113450403977609,0.004942556684927012,0.006670372429127293,89,89,101
,India,2020-05-14,93404,88714,98095,26914,25859,27970,2741,2560,2923,,,,0.029353096063336966,0.026100030790235814,0.032950161242318296,4670,4435,4904
,Indonesia,2020-05-14,15424,14924,15924,3645,3364,3927,1037,934,1140,,,,0.06726730726990615,0.058678685449937484,0.0764312723375718,771,746,796
,Iran,2020-05-14,115182,109891,120473,89491,81587,97479,6992,6715,7269,,,,0.06071010507280692,0.0557464240086636,0.06615175081012126,5759,5494,6023
,Iraq,2020-05-14,2924,2710,3139,1845,1702,1987,113,103,123,,,,0.038869489850966374,0.03306506173644453,0.045591756113970365,146,135,156
,Ireland,2020-05-14,24146,22248,26727,19504,17110,27164,1650,1432,1868,,,,0.06836138871402024,0.05360204838744007,0.08399710713326171,1207,1112,1336
,Israel,2020-05-14,16456,16310,18218,12400,11443,13358,260,239,289,,,,0.01584281072031804,0.013118702705600279,0.017752240181468797,822,815,910
,Italy,2020-05-14,224594,214457,239220,114912,111334,118489,31567,30545,32588,,,,0.1405520153456398,0.1276881781717985,0.15195988782347106,11229,10722,11961
,Jamaica,2020-05-14,583,493,673,131,105,157,9,9,11,,,,0.017065185208564763,0.01337082123496344,0.022363616945412737,29,24,33
,Japan,2020-05-14,16263,15253,18075,6749,6070,7427,744,699,788,,,,0.04575848913159512,0.0387073180976405,0.05170599049329827,813,762,903
,Jordan,2020-05-14,519,473,588,409,377,471,10,9,13,,,,0.019839643737400995,0.015281854714630706,0.028788900969470555,25,23,29
,Kazakhstan,2020-05-14,5767,5548,5986,2191,2010,2372,34,30,40,,,,0.0059821368992826,0.0050115001411499644,0.007313300775108629,288,277,299
,Kenya,2020-05-14,920,813,1027,264,251,277,30,26,36,,,,0.033330050233625744,0.02529522287452129,0.04458347405541079,46,40,51
,"Korea, South",2020-05-14,10828,10810,12352,9789,9419,10947,264,256,282,,,,0.024459313653348153,0.02072485996191305,0.026109438003423583,541,540,617
,Kuwait,2020-05-14,11165,10459,11872,3221,2820,3621,51,42,61,,,,0.0046135131745694115,0.003537648060880092,0.005878911293273712,558,522,593
,Kyrgyzstan,2020-05-14,991,900,1082,718,614,835,14,12,18,,,,0.014456619790225675,0.011084478212809265,0.020093924058861238,49,45,54
,Latvia,2020-05-14,942,900,1034,520,464,658,20,17,25,,,,0.02162920568899205,0.01643543983540832,0.027797997821240056,47,45,51
,Lebanon,2020-05-14,784,750,881,261,244,279,27,25,32,,,,0.0351574852111326,0.02836021832460734,0.04296125220079648,39,37,44
,Liberia,2020-05-14,210,185,236,90,75,117,26,22,30,,,,0.1265656808607714,0.09645250059822821,0.16495683385870433,10,9,11
,Liechtenstein,2020-05-14,89,82,109,56,55,57,2,1,3,,,,0.02247191011235955,0.009122241589585361,0.036585365853658534,4,4,5
,Lithuania,2020-05-14,1468,1428,1701,970,884,1056,55,48,53,,,,0.037452105598959375,0.028203906398717837,0.03754150169736075,73,71,85
,Luxembourg,2020-05-14,3920,3851,4449,3988,3452,5741,110,100,121,,,,0.028265354622578596,0.02256734145467762,0.031477125731780776,196,192,222
,Madagascar,2020-05-14,192,174,211,123,108,137,0,0,0,,,,0.0,0.0,0.0,9,8,10
,Malaysia,2020-05-14,6803,6428,7213,5442,5112,5772,119,107,131,,,,0.017502542524218928,0.014832665634504477,0.02051762999829757,340,321,360
,Maldives,2020-05-14,899,729,1070,22,20,26,3,2,4,,,,0.0033336714623794523,0.0018680671802219718,0.005485522793173884,44,36,53
,Malta,2020-05-14,523,484,590,414,407,474,6,5,7,,,,0.011458278182369849,0.008460994207388663,0.014462809917355372,26,24,29
,Mauritania,2020-05-14,8,8,10,7,6,8,2,1,3,,,,0.2241014874652814,0.09133521476490149,0.375,0,0,0
,Mauritius,2020-05-14,339,332,405,374,320,485,11,10,13,,,,0.033538532572919985,0.024656461147129504,0.04196617703262627,16,16,20
,Mexico,2020-05-14,40096,39227,40965,24192,20291,28093,3997,3868,4126,,,,0.09968501968477429,0.09442061916461118,0.10518265150686118,2004,1961,2048
,Moldova,2020-05-14,5320,4955,5686,2482,2302,2662,173,155,192,,,,0.0326652040831683,0.02725857585968576,0.03887026387037072,266,247,284
,Monaco,2020-05-14,102,95,111,93,82,114,5,4,6,,,,0.049019607843137254,0.03595323316741857,0.06315789473684211,5,4,5
,Mongolia,2020-05-14,45,41,55,15,13,18,0,0,0,,,,0.0,0.0,0.0,2,2,2
,Montenegro,2020-05-14,331,324,380,316,261,375,9,8,11,,,,0.027533643341976506,0.02105029104637982,0.033982458111961135,16,16,19
,Morocco,2020-05-14,6782,6436,7128,4193,3914,4471,204,183,233,,,,0.03009363961176621,0.02567283031869518,0.03630766305992286,339,321,356
,Namibia,2020-05-14,16,16,19,8,8,11,0,0,0,,,,0.0,0.0,0.0,0,0,0
,Nepal,2020-05-14,190,164,215,44,32,55,0,0,0,,,,0.0,0.0,0.0,9,8,10
Aruba,Netherlands,2020-05-14,109,101,132,103,89,121,3,2,4,,,,0.02731386086582518,0.015111078302698113,0.039603960396039604,5,5,6
Curacao,Netherlands,2020-05-14,18,16,21,14,13,18,2,1,3,,,,0.11094697879361624,0.04732469409196582,0.1875,0,0,1
Sint Maarten,Netherlands,2020-05-14,87,76,101,51,44,68,16,14,19,,,,0.19043200377368397,0.13852836100971327,0.26183764689473515,4,3,5
,Netherlands,2020-05-14,41824,41319,44157,296,89,504,5593,5204,6013,,,,0.13374157573195314,0.11785192017686287,0.14554091611763992,2091,2065,2207
,New Zealand,2020-05-14,1507,1489,1743,1461,1332,1682,24,21,30,,,,0.016264744629943963,0.01204601590460538,0.020369759852929284,75,74,87
,Nicaragua,2020-05-14,17,16,18,8,7,9,6,5,7,,,,0.34010390744113256,0.26685460956269424,0.4230491658489557,0,0,0
,Niger,2020-05-14,817,770,993,684,561,812,44,38,49,,,,0.054011036783298966,0.03897905775005644,0.06443816233458956,40,38,49
,Nigeria,2020-05-14,4883,4577,5190,1289,1106,1471,153,134,173,,,,0.03145314815024518,0.02583182872044193,0.03782681404332922,244,228,259
,North Macedonia,2020-05-14,1623,1539,1801,1449,1266,1633,101,92,111,,,,0.06267315785571552,0.051221677499647844,0.0722769687809119,81,76,90
,Norway,2020-05-14,8333,7996,9076,35,32,49,225,216,252,,,,0.0271166542395342,0.0237986433105046,0.031600970844054416,416,399,453
,Oman,2020-05-14,3945,3615,4275,1340,1150,1530,15,13,17,,,,0.003914343115586356,0.0031303781853841495,0.0048413037230429536,197,180,213
,Pakistan,2020-05-14,33789,31809,35769,10158,9326,10990,824,778,871,,,,0.024409094827435546,0.02175475428898349,0.027393855131211772,1689,1590,1788
,Panama,2020-05-14,8969,8711,9227,1255,1066,1443,261,247,275,,,,0.0291346025176692,0.026775744418493702,0.03163297680760056,448,435,461
,Paraguay,2020-05-14,488,440,572,185,155,214,11,10,13,,,,0.02391394777834041,0.017472701560691122,0.031306807874023505,24,22,28
,Peru,2020-05-14,76900,72540,81260,24243,21591,26895,2177,2067,2288,,,,0.028321185600801813,0.025441153678518416,0.03154742109536651,3845,3627,4063
,Philippines,2020-05-14,11930,11221,12639,2127,1964,2291,777,724,830,,,,0.06519135839634349,0.05733618388780798,0.07403883364293883,596,561,631
,Poland,2020-05-14,17292,16512,18072,6284,5902,6666,865,793,937,,,,0.05006591491997895,0.04391696342666617,0.0567959025805731,864,825,903
,Portugal,2020-05-14,28388,26182,30851,2506,2076,2982,1191,1106,1276,,,,0.041964253055214465,0.035855310342731574,0.048752770573420014,1419,1309,1542
,Qatar,2020-05-14,24207,22893,25520,3554,3231,3878,14,12,16,,,,0.0005931286819612155,0.0004948968915364798,0.0007026345605844866,1210,1144,1276
,Romania,2020-05-14,16335,15639,17031,7960,7226,8693,1022,962,1081,,,,0.06258393724103586,0.05653818083972063,0.06916805472623408,816,781,851
,Russia,2020-05-14,248859,240375,257343,32596,29902,35290,2167,2040,2295,,,,0.008710962102071722,0.007928390450646472,0.00954877827808711,12442,12018,12867
,Rwanda,2020-05-14,291,268,347,158,130,192,0,0,0,,,,0.0,0.0,0.0,14,13,17
,Saint Lucia,2020-05-14,19,18,26,17,15,24,0,0,0,,,,0.0,0.0,0.0,0,0,1
,Saint Vincent and the Grenadines,2020-05-14,18,17,24,12,9,16,0,0,0,,,,0.0,0.0,0.0,0,0,1
,San Marino,2020-05-14,668,623,714,112,97,129,44,41,52,,,,0.06642375972437088,0.05739958817136791,0.08356627399019173,33,31,35
,Saudi Arabia,2020-05-14,44485,42755,46214,30861,24990,36731,260,238,282,,,,0.005852168000880414,0.005157671135607533,0.00660285714300986,2224,2137,2310
,Senegal,2020-05-14,2081,1943,2219,819,758,881,17,13,21,,,,0.008410970716687501,0.006154711505874269,0.010987625115260033,104,97,110
,Serbia,2020-05-14,10546,9791,11580,2446,1971,2980,229,209,249,,,,0.02176540825242851,0.018091995123254417,0.025492343755304864,527,489,579
,Seychelles,2020-05-14,18,11,11,9,8,10,0,0,0,,,,0.0,0.0,0.0,0,0,0
,Singapore,2020-05-14,25979,24142,27817,2200,2099,2302,22,20,25,,,,0.0008752679375923143,0.0007189793060888995,0.0010643681003268766,1298,1207,1390
,Slovakia,2020-05-14,1576,1429,1775,1082,1008,1157,28,25,34,,,,0.018380902301176952,0.014082215515310971,0.024399465098284008,78,71,88
,Slovenia,2020-05-14,1463,1448,1621,263,246,320,109,99,121,,,,0.07459041942922286,0.06104391490123972,0.08425278346659427,73,72,81
,Somalia,2020-05-14,1348,1250,1446,275,239,311,48,39,58,,,,0.0359630403198913,0.026953812859005517,0.04648765313699898,67,62,72
,South Africa,2020-05-14,10255,9502,11008,4289,4070,4509,193,167,219,,,,0.01883428538029419,0.015187271108411376,0.02305940755057793,512,475,550
,Spain,2020-05-14,226190,220325,252684,143305,133363,153247,27097,25857,28782,,,,0.11980036399265541,0.10232932190807494,0.13063582516663452,11309,11016,12634
,Sri Lanka,2020-05-14,979,886,1072,293,270,317,10,9,13,,,,0.010994615326856083,0.008395494659290334,0.01523605902128917,48,44,53
,Sudan,2020-05-14,1574,1514,1635,153,149,156,71,63,78,,,,0.04523602407656502,0.039022495203779727,0.05194977679270659,78,75,81
,Suriname,2020-05-14,10,10,14,10,9,11,2,1,3,,,,0.18384920856705841,0.06955575118897256,0.3,0,0,0
,Sweden,2020-05-14,27161,26175,28147,5810,4074,7985,3493,3245,3741,,,,0.1286051167611584,0.11529019375710646,0.14292330700929262,1358,1308,1407
,Switzerland,2020-05-14,30537,30060,33478,28513,25700,31621,1828,1805,1958,,,,0.059863112602556286,0.05391549758291464,0.0651598021263946,1526,1503,1673
,Taiwan*,2020-05-14,444,439,495,346,339,347,7,6,8,,,,0.01575283546461336,0.012100410870919433,0.018223234624145785,22,21,24
,Tanzania,2020-05-14,602,480,778,248,167,356,23,16,23,,,,0.03816692785087861,0.020542120952654244,0.04915476275512754,30,24,38
,Thailand,2020-05-14,3018,2989,3303,2832,2761,3254,57,55,66,,,,0.019112943511123207,0.016647758917641343,0.022278390995233037,150,149,165
,Togo,2020-05-14,142,128,160,88,77,100,10,9,13,,,,0.07291682390323855,0.05619456496892568,0.10190727389793089,7,6,8
,Trinidad and Tobago,2020-05-14,131,116,159,117,103,144,9,8,11,,,,0.06951703909043667,0.050000917926032395,0.10260325423719228,6,5,7
,Tunisia,2020-05-14,1053,1025,1217,939,757,1121,48,43,55,,,,0.045871936104099384,0.035303863103966354,0.05413412885338701,52,51,60
,Turkey,2020-05-14,147475,138065,156886,115978,108452,123505,3770,3587,3952,,,,0.025564342010475572,0.022869319192629887,0.02862674467896078,7373,6903,7844
,Uganda,2020-05-14,115,100,130,62,55,61,0,0,0,,,,0.0,0.0,0.0,5,5,6
,Ukraine,2020-05-14,16888,16271,17504,3468,3376,3560,412,400,425,,,,0.024446787849200863,0.022883340698672885,0.026128669837442994,844,813,875
,United Arab Emirates,2020-05-14,19691,18996,20387,4824,4412,5236,232,216,247,,,,0.011792753452862417,0.010635893307046677,0.013034331641180725,984,949,1019
Bermuda,United Kingdom,2020-05-14,134,118,152,67,60,73,8,7,9,,,,0.059365730070440284,0.04590449108134372,0.07627118644067797,6,5,7
Cayman Islands,United Kingdom,2020-05-14,87,78,99,74,56,93,2,1,3,,,,0.02273205640917702,0.010005954339661859,0.038461538461538464,4,3,4
Channel Islands,United Kingdom,2020-05-14,552,545,554,489,406,655,45,40,55,,,,0.08158206943027327,0.07211716069544069,0.10114121750496188,27,27,27
Gibraltar,United Kingdom,2020-05-14,155,144,185,142,136,169,0,0,0,,,,0.0,0.0,0.0,7,7,9
Isle of Man,United Kingdom,2020-05-14,332,327,401,278,271,542,26,23,34,,,,0.07951514867678737,0.05723905001934277,0.10415710000957527,16,16,20
Montserrat,United Kingdom,2020-05-14,12,11,16,8,7,14,2,1,3,,,,0.1609195402323211,0.061178389014958964,0.2727272727272727,0,0,0
,United Kingdom,2020-05-14,237670,230288,245053,384,237,530,33928,30076,37814,,,,0.14275217021438608,0.12273245048041397,0.16420591472306675,11883,11514,12252
,Uruguay,2020-05-14,704,673,767,571,527,615,19,17,23,,,,0.028314370341612195,0.022161336895735267,0.03452276681658431,35,33,38
,US,2020-05-14,1416585,1385316,1447854,234912,204205,265618,86319,81422,91216,,,,0.06093480026227252,0.05623676693070698,0.06584491828629699,70829,69265,72392
,Uzbekistan,2020-05-14,2480,2233,2830,2210,1935,2486,11,10,13,,,,0.00466592811252816,0.0035333142176265315,0.0061533307874342795,124,111,141
,Venezuela,2020-05-14,428,383,472,196,176,217,11,10,15,,,,0.02753681093281469,0.021157133396488077,0.04142805947136166,21,19,23
,Vietnam,2020-05-14,278,271,297,270,232,309,0,0,0,,,,0.0,0.0,0.0,13,13,14
,Zambia,2020-05-14,181,146,217,122,101,148,5,4,6,,,,0.02751956233510427,0.018351918837605702,0.0410958904109589,9,7,10
,Zimbabwe,2020-05-14,38,34,48,6,5,7,5,4,6,,,,0.12848551120831062,0.08251247720429937,0.17647058823529413,1,1,2
,Dominica,2020-05-14,23,16,17,18,16,20,0,0,0,,,,0.0,0.0,0.0,1,0,0
,Grenada,2020-05-14,24,21,29,15,13,21,0,0,0,,,,0.0,0.0,0.0,1,1,1
,Mozambique,2020-05-14,92,81,115,25,21,32,0,0,0,,,,0.0,0.0,0.0,4,4,5
,Syria,2020-05-14,50,45,60,34,27,44,4,3,5,,,,0.078884806370435,0.049536114664505373,0.1111111111111111,2,2,3
,Timor-Leste,2020-05-14,27,24,35,25,20,36,0,0,0,,,,0.0,0.0,0.0,1,1,1
,Belize,2020-05-14,25,18,24,22,19,25,3,2,4,,,,0.12,0.08183413978730215,0.2222222222222222,1,0,1
,Laos,2020-05-14,21,19,26,13,11,14,0,0,0,,,,0.0,0.0,0.0,1,0,1
,Libya,2020-05-14,74,64,91,28,25,31,4,3,5,,,,0.05393768187386297,0.03293850083485623,0.078125,3,3,4
,West Bank and Gaza,2020-05-14,415,374,529,589,452,727,3,2,4,,,,0.007215455039180693,0.003776938891399726,0.0106951871657754,20,18,26
,Guinea-Bissau,2020-05-14,863,690,1036,32,24,51,3,2,4,,,,0.003474962237079308,0.0019302624925674184,0.0057928285361619454,43,34,51
,Mali,2020-05-14,784,730,837,453,373,533,37,32,43,,,,0.04809133025531651,0.03823319700309288,0.05939112259124793,39,36,41
,Saint Kitts and Nevis,2020-05-14,17,15,21,17,12,23,0,0,0,,,,0.0,0.0,0.0,0,0,1
Northwest Territories,Canada,2020-05-14,6,5,7,,,,0,0,0,,,,0.0,0.0,0.0,0,0,0
Yukon,Canada,2020-05-14,12,11,14,,,,0,0,0,,,,0.0,0.0,0.0,0,0,0
,Kosovo,2020-05-14,933,856,1057,861,755,967,30,26,35,,,,0.032428020769790226,0.024579384209795985,0.04189816881002837,46,42,52
,Burma,2020-05-14,183,161,217,1282,50,4928,7,6,8,,,,0.038046065167116325,0.02759789421572927,0.049689440993788817,9,8,10
Anguilla,United Kingdom,2020-05-14,4,3,5,4,3,5,0,0,0,,,,0.0,0.0,0.0,0,0,0
British Virgin Islands,United Kingdom,2020-05-14,8,7,9,4,3,5,2,1,3,,,,0.25,0.1111111111111111,0.42857142857142855,0,0,0
Turks and Caicos Islands,United Kingdom,2020-05-14,13,12,16,7,6,8,2,1,3,,,,0.14885496659799105,0.06030494691660048,0.25,0,0,0
,MS Zaandam,2020-05-14,10,9,15,0,0,0,3,2,4,,,,0.29250000000000015,0.1250476310308107,0.4444444444444444,0,0,0
,Botswana,2020-05-14,26,23,34,9,8,10,2,1,3,,,,0.07467204843592332,0.029176927014945075,0.13043478260869565,1,1,1
,Burundi,2020-05-14,17,15,23,8,7,9,2,1,3,,,,0.11410459587955628,0.04205506288012416,0.2,0,0,1
,Sierra Leone,2020-05-14,411,346,477,168,159,177,21,15,26,,,,0.050980212663147145,0.031963344711051375,0.07713538946411629,20,17,23
"Bonaire, Sint Eustatius and Saba",Netherlands,2020-05-14,7,6,8,0,0,0,0,0,0,,,,0.0,0.0,0.0,0,0,0
,Malawi,2020-05-14,52,46,58,11,9,14,4,3,5,,,,0.07652101954380792,0.05155886617993155,0.10785038908336418,2,2,2
Falkland Islands (Malvinas),United Kingdom,2020-05-14,20,13,19,16,13,24,0,0,0,,,,0.0,0.0,0.0,1,0,0
Saint Pierre and Miquelon,France,2020-05-14,2,1,3,0,0,0,0,0,0,,,,0.0,0.0,0.0,0,0,0
,South Sudan,2020-05-14,70,58,98,0,0,0,0,0,0,,,,0.0,0.0,0.0,3,2,4
,Western Sahara,2020-05-14,7,6,8,6,5,7,0,0,0,,,,0.0,0.0,0.0,0,0,0
,Sao Tome and Principe,2020-05-14,4808,3464,6151,5,4,6,4,3,5,,,,0.0008319451164423484,0.0004876585268206692,0.0014433458186248315,240,173,307
,Yemen,2020-05-14,85,66,105,2,1,3,6,5,7,,,,0.06986789221389303,0.0474048538496085,0.10561529174356668,4,3,5
Alabama,US,2020-05-14,10714,10093,11336,,,,430,416,444,,,,0.040144892074597906,0.03669993771168903,0.04401405492948672,535,504,566
Alaska,US,2020-05-14,403,372,437,,,,11,10,13,,,,0.028508304607802074,0.022861021064029315,0.03739237266289099,20,18,21
American Samoa,US,2020-05-14,0,0,0,,,,0,0,0,,,,0,0,0,0,0,0
Arizona,US,2020-05-14,12629,12153,13106,,,,490,443,538,,,,0.03885051150902014,0.0338064636644598,0.04429024559741741,631,607,655
Arkansas,US,2020-05-14,4079,3611,4595,,,,117,106,128,,,,0.028784328805548817,0.023251396952542573,0.03545544623864636,203,180,229
California,US,2020-05-14,75853,72352,79354,,,,3023,2881,3165,,,,0.03985691113308302,0.03630644818882848,0.04375099509977193,3792,3617,3967
Colorado,US,2020-05-14,21338,20040,22636,,,,1067,929,1204,,,,0.050007580476641916,0.041071816849168614,0.060100857218233994,1066,1002,1131
Connecticut,US,2020-05-14,34929,31924,37933,,,,3261,3001,3521,,,,0.09337107161367761,0.07912369702324192,0.11029999275673331,1746,1596,1896
Delaware,US,2020-05-14,7330,6860,7799,,,,260,248,273,,,,0.035590129418236964,0.031812624938317074,0.03988502595138239,366,343,389
Diamond Princess,US,2020-05-14,50,49,51,,,,0,0,0,,,,0.0,0.0,0.0,2,2,2
District of Columbia,US,2020-05-14,6480,5984,6976,,,,340,305,374,,,,0.052520041443250974,0.04385335194650625,0.06262462827899465,324,299,348
Florida,US,2020-05-14,42758,39836,45681,,,,1866,1766,1966,,,,0.04365790390837761,0.03867115173178278,0.04937645817318669,2137,1991,2284
Georgia,US,2020-05-14,36193,33957,38429,,,,1665,1550,1780,,,,0.0460096065693161,0.040338842936251146,0.052427232991007267,1809,1697,1921
Grand Princess,US,2020-05-14,114,103,168,,,,4,3,5,,,,0.03496743229345218,0.017807594255759743,0.04854368932038835,5,5,8
Guam,US,2020-05-14,156,149,176,,,,6,5,7,,,,0.038461538461538464,0.028379151602253714,0.04697986577181208,7,7,8
Hawaii,US,2020-05-14,640,626,754,,,,20,17,23,,,,0.03139868362218692,0.022540813602285638,0.03780015001934904,32,31,37
Idaho,US,2020-05-14,2429,2158,2770,,,,76,68,85,,,,0.031598483845862495,0.024557937291586895,0.039613435482582775,121,107,138
Illinois,US,2020-05-14,87412,84931,89893,,,,3870,3736,4004,,,,0.044274517782868374,0.041560994682879104,0.04714656994881426,4370,4246,4494
Indiana,US,2020-05-14,27249,26115,28382,,,,1797,1727,1866,,,,0.06595634744210171,0.0608738086695458,0.07147999647143378,1362,1305,1419
Iowa,US,2020-05-14,12720,11499,13942,,,,304,287,322,,,,0.02395842947755306,0.020619994599782546,0.0280060544260782,636,574,697
Kansas,US,2020-05-14,8168,7639,8697,,,,203,182,225,,,,0.024955208081598398,0.020976341340621506,0.029485335894985528,408,381,434
Kentucky,US,2020-05-14,7608,7290,7926,,,,340,311,369,,,,0.044716083571574784,0.03926410977149577,0.05064398217455902,380,364,396
Louisiana,US,2020-05-14,33184,30399,38444,,,,2464,2222,2707,,,,0.07428050399202339,0.057811688921145785,0.08906019781150638,1659,1519,1922
Maine,US,2020-05-14,1416,1310,1522,,,,72,66,79,,,,0.051311231528250255,0.043435509786203995,0.060458953366205506,70,65,76
Maryland,US,2020-05-14,36211,35229,37192,,,,1952,1830,2075,,,,0.05393004106792686,0.049207389479614984,0.05891583277284564,1810,1761,1859
Massachusetts,US,2020-05-14,84676,80039,89313,,,,5508,5066,5950,,,,0.06505457645455201,0.056731662436250656,0.07434186418263376,4233,4001,4465
Michigan,US,2020-05-14,50353,45851,54854,,,,4625,4280,4970,,,,0.09185645030984436,0.07802532464310453,0.108403037352052,2517,2292,2742
Minnesota,US,2020-05-14,14379,13546,15213,,,,675,642,709,,,,0.04698882280379008,0.04220347378819209,0.05236340998064468,718,677,760
Mississippi,US,2020-05-14,10165,9760,10571,,,,501,468,533,,,,0.04928850887473521,0.044301899703621375,0.054689086013651675,508,488,528
Missouri,US,2020-05-14,11253,10736,11771,,,,552,518,586,,,,0.04906882185826959,0.04403587696795635,0.05458652553685183,562,536,588
Montana,US,2020-05-14,463,456,520,,,,18,16,23,,,,0.040226781857451405,0.03073033153282702,0.05058950842852799,23,22,26
Nebraska,US,2020-05-14,8372,7232,9512,,,,92,78,107,,,,0.011066927454708771,0.008199366645665335,0.014839193198025376,418,361,475
Nevada,US,2020-05-14,6535,6048,7022,,,,337,310,364,,,,0.051678859276118094,0.044253261085366286,0.06029930481249326,326,302,351
New Hampshire,US,2020-05-14,3441,3304,3578,,,,106,92,121,,,,0.03093768821042973,0.025706223302717504,0.03680256280300676,172,165,178
New Jersey,US,2020-05-14,143395,134971,151818,,,,10191,9069,11313,,,,0.07107272154970885,0.05973718951317108,0.08382307266507824,7169,6748,7590
New Mexico,US,2020-05-14,5623,5530,5717,,,,237,229,245,,,,0.04223614363024699,0.0402088842228975,0.0443320065157152,281,276,285
New York,US,2020-05-14,335181,323978,356428,,,,29139,27360,30919,,,,0.0869379950257508,0.07676207152758403,0.09543806705360305,16759,16198,17821
North Carolina,US,2020-05-14,16316,15603,17028,,,,588,516,660,,,,0.036058474811760555,0.030340640639640353,0.042298548507492095,815,780,851
North Dakota,US,2020-05-14,1605,1440,1770,,,,38,35,40,,,,0.023790069669253514,0.02030774317769084,0.028069189290233366,80,72,88
Northern Mariana Islands,US,2020-05-14,22,15,17,,,,3,2,4,,,,0.13636363636363635,0.11645699721866895,0.26666666666666666,1,0,0
Ohio,US,2020-05-14,27210,25401,29019,,,,1602,1505,1699,,,,0.058892371160853905,0.05188303215863658,0.06690007207554191,1360,1270,1450
Oklahoma,US,2020-05-14,4963,4601,5325,,,,288,261,315,,,,0.05810231686033171,0.049122380915267085,0.06849367520380657,248,230,266
Oregon,US,2020-05-14,3465,3267,3663,,,,130,118,141,,,,0.03761341744713854,0.032442742743750023,0.04340945578017129,173,163,183
Pennsylvania,US,2020-05-14,61472,57530,65414,,,,4546,4201,4892,,,,0.0739679570798267,0.06422889596311637,0.08504167748398463,3073,2876,3270
Puerto Rico,US,2020-05-14,2229,1968,2504,,,,112,99,127,,,,0.05065311741924933,0.03952815554421012,0.06472366049438164,111,98,125
Rhode Island,US,2020-05-14,12161,11326,12995,,,,459,401,516,,,,0.037742991369445665,0.030871643442854386,0.04562680066045234,608,566,649
South Carolina,US,2020-05-14,7775,7143,8407,,,,364,317,412,,,,0.04691047983695401,0.03771111817928033,0.057738843120736294,388,357,420
South Dakota,US,2020-05-14,3304,2945,3662,,,,45,37,53,,,,0.013721334739796639,0.010220897284013084,0.01807296646569435,165,147,183
Tennessee,US,2020-05-14,17583,16662,18503,,,,281,255,307,,,,0.016008565717393067,0.013788006242432902,0.018474460508425692,879,833,925
Texas,US,2020-05-14,43502,41843,45160,,,,1216,1141,1292,,,,0.027975189276938133,0.025273237896946174,0.03089126806901878,2175,2092,2258
Utah,US,2020-05-14,6806,6507,7105,,,,66,58,76,,,,0.00982388579770505,0.008162212415533514,0.011800884290261104,340,325,355
Vermont,US,2020-05-14,954,908,1084,,,,59,53,65,,,,0.06212970797700901,0.04933825261048352,0.07167983565310235,47,45,54
Virgin Islands,US,2020-05-14,74,66,86,,,,5,4,6,,,,0.06673645642501959,0.04598319105741315,0.09090909090909091,3,3,4
Virginia,US,2020-05-14,24843,23469,26217,,,,944,893,995,,,,0.03800883338777867,0.03407848834107193,0.04239935009041395,1242,1173,1310
Washington,US,2020-05-14,17648,16355,18940,,,,946,878,1014,,,,0.05363689874474146,0.04639354680060154,0.06202499967190036,882,817,947
West Virginia,US,2020-05-14,1419,1309,1528,,,,59,51,67,,,,0.041760633305676094,0.03347933972494922,0.051424585603776087,70,65,76
Wisconsin,US,2020-05-14,11234,10543,11925,,,,415,375,454,,,,0.036953657345428666,0.03149692864707115,0.043125580489362596,561,527,596
Wyoming,US,2020-05-14,711,631,798,,,,8,7,13,,,,0.01241045078892229,0.00876211803543903,0.020934275835696375,35,31,39
,Canada,2020-05-14,76412,73713,79112,36452,34823,38081,5747,5499,5994,,,,0.07521296906519472,0.06952131930388909,0.08132148278738967,3820,3685,3955
